Workbook

Sheet Daily_table
A1: Date | B1: Name | C1: Age | D1: Gender | E1: Refer By | F1: Test | G1: Price | H1: Refer Fee % | I1: Refer Fee Amount | K1: Total= | L1: =SUM(Daily_table!$G$2:$G$196) -> 3690000
A2: 46082 | B2: Daw Win Naw | C2: 43 yrs | D2: F | E2: Self | F2: CP(A) | G2: =IFERROR(VLOOKUP(F2, Price_Master!$A$2:$C$201, 2, FALSE), "") -> 30000 | H2: =IFERROR(VLOOKUP(F2, Price_Master!$A$2:$C$201, 3, FALSE), 0) -> 0.15 | I2: =IFERROR(G2*H2, "") -> 4500
A3: 46083 | B3: Ma Su Mon Kyaw | C3: 30 yrs | D3: F | E3: ဂရုဏာဆေးခန်း | F3: U/A | G3: =IFERROR(VLOOKUP(F3, Price_Master!$A$2:$C$201, 2, FALSE), "") -> 10000 | H3: =IFERROR(VLOOKUP(F3, Price_Master!$A$2:$C$201, 3, FALSE), 0) -> 0.15 | I3: =IFERROR(G3*H3, "") -> 1500
A4: 46083 | B4: U Maung Maung Aye | C4: 36 yrs | D4: M | E4: MCLH | F4: Urine Analysis | G4: =IFERROR(VLOOKUP(F4, Price_Master!$A$2:$C$201, 2, FALSE), "") -> 12000 | H4: =IFERROR(VLOOKUP(F4, Price_Master!$A$2:$C$201, 3, FALSE), 0) -> 0.05 | I4: =IFERROR(G4*H4, "") -> 600
A5: 46083 | E5: MCLH | F5: Creat | G5: =IFERROR(VLOOKUP(F5, Price_Master!$A$2:$C$201, 2, FALSE), "") -> 10000 | H5: =IFERROR(VLOOKUP(F5, Price_Master!$A$2:$C$201, 3, FALSE), 0) -> 0.15 | I5: =IFERROR(G5*H5, "") -> 1500
A6: 46083 | B6: U Boe Win | C6: 65 yrs | D6: M | E6: Phy | F6: CP(A) | G6: =IFERROR(VLOOKUP(F6, Price_Master!$A$2:$C$201, 2, FALSE), "") -> 30000 | H6: =IFERROR(VLOOKUP(F6, Price_Master!$A$2:$C$201, 3, FALSE), 0) -> 0.15 | I6: =IFERROR(G6*H6, "") -> 4500
A7: 46083 | E7: Phy | F7: E Lytes | G7: =IFERROR(VLOOKUP(F7, Price_Master!$A$2:$C$201, 2, FALSE), "") -> 30000 | H7: =IFERROR(VLOOKUP(F7, Price_Master!$A$2:$C$201, 3, FALSE), 0) -> 0.15 | I7: =IFERROR(G7*H7, "") -> 4500
A8: 46083 | E8: Phy | F8: Creat | G8: =IFERROR(VLOOKUP(F8, Price_Master!$A$2:$C$201, 2, FALSE), "") -> 10000 | H8: =IFERROR(VLOOKUP(F8, Price_Master!$A$2:$C$201, 3, FALSE), 0) -> 0.15 | I8: =IFERROR(G8*H8, "") -> 1500
A9: 46083 | E9: Phy | F9: Lipid | G9: =IFERROR(VLOOKUP(F9, Price_Master!$A$2:$C$201, 2, FALSE), "") -> 36000 | H9: =IFERROR(VLOOKUP(F9, Price_Master!$A$2:$C$201, 3, FALSE), 0) -> 0.15 | I9: =IFERROR(G9*H9, "") -> 5400
A10: 46083 | E10: Phy | F10: Trop-T | G10: =IFERROR(VLOOKUP(F10, Price_Master!$A$2:$C$201, 2, FALSE), "") -> 40000 | H10: =IFERROR(VLOOKUP(F10, Price_Master!$A$2:$C$201, 3, FALSE), 0) -> 0 | I10: =IFERROR(G10*H10, "") -> 0
A11: 46083 | E11: Phy | F11: LFT | G11: =IFERROR(VLOOKUP(F11, Price_Master!$A$2:$C$201, 2, FALSE), "") -> 36000 | H11: =IFERROR(VLOOKUP(F11, Price_Master!$A$2:$C$201, 3, FALSE), 0) -> 0.15 | I11: =IFERROR(G11*H11, "") -> 5400
A12: 46083 | B12: U Kyaw Hein | C12: 40 yrs | D12: M | E12: Phy | F12: LFT | G12: =IFERROR(VLOOKUP(F12, Price_Master!$A$2:$C$201, 2, FALSE), "") -> 36000 | H12: =IFERROR(VLOOKUP(F12, Price_Master!$A$2:$C$201, 3, FALSE), 0) -> 0.15 | I12: =IFERROR(G12*H12, "") -> 5400
A13: 46084 | B13: Ma Paing Thein Kha | C13: 27 yrs | D13: F | E13: Self | F13: G&M | G13: =IFERROR(VLOOKUP(F13, Price_Master!$A$2:$C$201, 2, FALSE), "") -> 7000 | H13: =IFERROR(VLOOKUP(F13, Price_Master!$A$2:$C$201, 3, FALSE), 0) -> 0.15 | I13: =IFERROR(G13*H13, "") -> 1050
A14: 46084 | B14: Ko Khant Nyein Aung | C14: 29 yrs | D14: M | E14: Self | F14: G&M | G14: =IFERROR(VLOOKUP(F14, Price_Master!$A$2:$C$201, 2, FALSE), "") -> 7000 | H14: =IFERROR(VLOOKUP(F14, Price_Master!$A$2:$C$201, 3, FALSE), 0) -> 0.15 | I14: =IFERROR(G14*H14, "") -> 1050
A15: 46084 | B15: Ma Paing Shal May | C15: 25 yrs | D15: F | E15: Self | F15: G&M Rh | G15: =IFERROR(VLOOKUP(F15, Price_Master!$A$2:$C$201, 2, FALSE), "") -> 10000 | H15: =IFERROR(VLOOKUP(F15, Price_Master!$A$2:$C$201, 3, FALSE), 0) -> 0.15 | I15: =IFERROR(G15*H15, "") -> 1500
A16: 46084 | B16: Daw Aye Aye Maw | C16: 53 yrs | D16: F | E16: Self | F16: G&M Rh | G16: =IFERROR(VLOOKUP(F16, Price_Master!$A$2:$C$201, 2, FALSE), "") -> 10000 | H16: =IFERROR(VLOOKUP(F16, Price_Master!$A$2:$C$201, 3, FALSE), 0) -> 0.15 | I16: =IFERROR(G16*H16, "") -> 1500
A17: 46084 | B17: Ma Hnin Eain Thu | C17: 20 yrs | D17: F | E17: OG | F17: URE | G17: =IFERROR(VLOOKUP(F17, Price_Master!$A$2:$C$201, 2, FALSE), "") -> 12000 | H17: =IFERROR(VLOOKUP(F17, Price_Master!$A$2:$C$201, 3, FALSE), 0) -> 0.05 | I17: =IFERROR(G17*H17, "") -> 600
A18: 46085 | B18: Daw Yee Win | C18: 54 yrs | D18: F | E18: Phy | F18: E Lytes | G18: =IFERROR(VLOOKUP(F18, Price_Master!$A$2:$C$201, 2, FALSE), "") -> 30000 | H18: =IFERROR(VLOOKUP(F18, Price_Master!$A$2:$C$201, 3, FALSE), 0) -> 0.15 | I18: =IFERROR(G18*H18, "") -> 4500
A19: 46085 | E19: Phy | F19: Lipid | G19: =IFERROR(VLOOKUP(F19, Price_Master!$A$2:$C$201, 2, FALSE), "") -> 36000 | H19: =IFERROR(VLOOKUP(F19, Price_Master!$A$2:$C$201, 3, FALSE), 0) -> 0.15 | I19: =IFERROR(G19*H19, "") -> 5400
A20: 46085 | B20: Mg Zwe Bhone Pyae Mg | C20: 10/12 yrs | D20: M | E20: NMMN | F20: CP(A) | G20: =IFERROR(VLOOKUP(F20, Price_Master!$A$2:$C$201, 2, FALSE), "") -> 30000 | H20: =IFERROR(VLOOKUP(F20, Price_Master!$A$2:$C$201, 3, FALSE), 0) -> 0.15 | I20: =IFERROR(G20*H20, "") -> 4500
A21: 46085 | E21: NMMN | F21: CRP | G21: =IFERROR(VLOOKUP(F21, Price_Master!$A$2:$C$201, 2, FALSE), "") -> 25000 | H21: =IFERROR(VLOOKUP(F21, Price_Master!$A$2:$C$201, 3, FALSE), 0) -> 0.05 | I21: =IFERROR(G21*H21, "") -> 1250
A22: 46086 | B22: Ma Hsut Hsai Hsan | C22: 13 yrs | D22: F | E22: Self | F22: G&M | G22: =IFERROR(VLOOKUP(F22, Price_Master!$A$2:$C$201, 2, FALSE), "") -> 7000 | H22: =IFERROR(VLOOKUP(F22, Price_Master!$A$2:$C$201, 3, FALSE), 0) -> 0.15 | I22: =IFERROR(G22*H22, "") -> 1050
A23: 46087 | B23: U Thein Win | C23: 47 yrs | D23: M | E23: Phy | F23: Lipid | G23: =IFERROR(VLOOKUP(F23, Price_Master!$A$2:$C$201, 2, FALSE), "") -> 36000 | H23: =IFERROR(VLOOKUP(F23, Price_Master!$A$2:$C$201, 3, FALSE), 0) -> 0.15 | I23: =IFERROR(G23*H23, "") -> 5400
A24: 46088 | B24: Daw Kham | C24: 46 yrs | D24: F | E24: MCLH | F24: Urine Analysis | G24: =IFERROR(VLOOKUP(F24, Price_Master!$A$2:$C$201, 2, FALSE), "") -> 12000 | H24: =IFERROR(VLOOKUP(F24, Price_Master!$A$2:$C$201, 3, FALSE), 0) -> 0.05 | I24: =IFERROR(G24*H24, "") -> 600
A25: 46088 | E25: MCLH | F25: HbA1C | G25: =IFERROR(VLOOKUP(F25, Price_Master!$A$2:$C$201, 2, FALSE), "") -> 25000 | H25: =IFERROR(VLOOKUP(F25, Price_Master!$A$2:$C$201, 3, FALSE), 0) -> 0.05 | I25: =IFERROR(G25*H25, "") -> 1250
A26: 46088 | E26: MCLH | F26: Creat | G26: =IFERROR(VLOOKUP(F26, Price_Master!$A$2:$C$201, 2, FALSE), "") -> 10000 | H26: =IFERROR(VLOOKUP(F26, Price_Master!$A$2:$C$201, 3, FALSE), 0) -> 0.15 | I26: =IFERROR(G26*H26, "") -> 1500
A27: 46088 | E27: MCLH | F27: LFT | G27: =IFERROR(VLOOKUP(F27, Price_Master!$A$2:$C$201, 2, FALSE), "") -> 36000 | H27: =IFERROR(VLOOKUP(F27, Price_Master!$A$2:$C$201, 3, FALSE), 0) -> 0.15 | I27: =IFERROR(G27*H27, "") -> 5400
A28: 46088 | E28: MCLH | F28: Lipid | G28: =IFERROR(VLOOKUP(F28, Price_Master!$A$2:$C$201, 2, FALSE), "") -> 36000 | H28: =IFERROR(VLOOKUP(F28, Price_Master!$A$2:$C$201, 3, FALSE), 0) -> 0.15 | I28: =IFERROR(G28*H28, "") -> 5400
A29: 46089 | B29: U Myo Latt Aung | C29: 35 yrs | D29: M | E29: Phy | F29: CP(A) | G29: =IFERROR(VLOOKUP(F29, Price_Master!$A$2:$C$201, 2, FALSE), "") -> 30000 | H29: =IFERROR(VLOOKUP(F29, Price_Master!$A$2:$C$201, 3, FALSE), 0) -> 0.15 | I29: =IFERROR(G29*H29, "") -> 4500
A30: 46089 | E30: Phy | F30: ASO (Quanti) | G30: =IFERROR(VLOOKUP(F30, Price_Master!$A$2:$C$201, 2, FALSE), "") -> 30000 | H30: =IFERROR(VLOOKUP(F30, Price_Master!$A$2:$C$201, 3, FALSE), 0) -> 0.05 | I30: =IFERROR(G30*H30, "") -> 1500
A31: 46089 | E31: Phy | F31: MP (ICT) | G31: =IFERROR(VLOOKUP(F31, Price_Master!$A$2:$C$201, 2, FALSE), "") -> 10000 | H31: =IFERROR(VLOOKUP(F31, Price_Master!$A$2:$C$201, 3, FALSE), 0) -> 0.05 | I31: =IFERROR(G31*H31, "") -> 500
A32: 46089 | E32: Phy | F32: Dengue Duo | G32: =IFERROR(VLOOKUP(F32, Price_Master!$A$2:$C$201, 2, FALSE), "") -> 25000 | H32: =IFERROR(VLOOKUP(F32, Price_Master!$A$2:$C$201, 3, FALSE), 0) -> 0.05 | I32: =IFERROR(G32*H32, "") -> 1250
A33: 46089 | B33: Daw Cho Sann | C33: 53 yrs | D33: F | E33: Phy | F33: CP(A) | G33: =IFERROR(VLOOKUP(F33, Price_Master!$A$2:$C$201, 2, FALSE), "") -> 30000 | H33: =IFERROR(VLOOKUP(F33, Price_Master!$A$2:$C$201, 3, FALSE), 0) -> 0.15 | I33: =IFERROR(G33*H33, "") -> 4500
A34: 46089 | E34: Phy | F34: URE | G34: =IFERROR(VLOOKUP(F34, Price_Master!$A$2:$C$201, 2, FALSE), "") -> 12000 | H34: =IFERROR(VLOOKUP(F34, Price_Master!$A$2:$C$201, 3, FALSE), 0) -> 0.05 | I34: =IFERROR(G34*H34, "") -> 600
A35: 46089 | E35: Phy | F35: HbA1C | G35: =IFERROR(VLOOKUP(F35, Price_Master!$A$2:$C$201, 2, FALSE), "") -> 25000 | H35: =IFERROR(VLOOKUP(F35, Price_Master!$A$2:$C$201, 3, FALSE), 0) -> 0.05 | I35: =IFERROR(G35*H35, "") -> 1250
A36: 46089 | E36: Phy | F36: E Lytes | G36: =IFERROR(VLOOKUP(F36, Price_Master!$A$2:$C$201, 2, FALSE), "") -> 30000 | H36: =IFERROR(VLOOKUP(F36, Price_Master!$A$2:$C$201, 3, FALSE), 0) -> 0.15 | I36: =IFERROR(G36*H36, "") -> 4500
A37: 46089 | E37: Phy | F37: Creat | G37: =IFERROR(VLOOKUP(F37, Price_Master!$A$2:$C$201, 2, FALSE), "") -> 10000 | H37: =IFERROR(VLOOKUP(F37, Price_Master!$A$2:$C$201, 3, FALSE), 0) -> 0.15 | I37: =IFERROR(G37*H37, "") -> 1500
A38: 46089 | E38: Phy | F38: Lipid | G38: =IFERROR(VLOOKUP(F38, Price_Master!$A$2:$C$201, 2, FALSE), "") -> 36000 | H38: =IFERROR(VLOOKUP(F38, Price_Master!$A$2:$C$201, 3, FALSE), 0) -> 0.15 | I38: =IFERROR(G38*H38, "") -> 5400
A39: 46089 | B39: Mg Toe Ni | C39: 21 yrs | D39: M | E39: ဂရုဏာဆေးခန်း | F39: VDRL | G39: =IFERROR(VLOOKUP(F39, Price_Master!$A$2:$C$201, 2, FALSE), "") -> 7000 | H39: =IFERROR(VLOOKUP(F39, Price_Master!$A$2:$C$201, 3, FALSE), 0) -> 0.05 | I39: =IFERROR(G39*H39, "") -> 350
A40: 46089 | B40: U Aung Tin Win | C40: 48 yrs | D40: M | E40: MCLH | F40: Urine Analysis | G40: =IFERROR(VLOOKUP(F40, Price_Master!$A$2:$C$201, 2, FALSE), "") -> 12000 | H40: =IFERROR(VLOOKUP(F40, Price_Master!$A$2:$C$201, 3, FALSE), 0) -> 0.05 | I40: =IFERROR(G40*H40, "") -> 600
A41: 46089 | E41: MCLH | F41: Creat | G41: =IFERROR(VLOOKUP(F41, Price_Master!$A$2:$C$201, 2, FALSE), "") -> 10000 | H41: =IFERROR(VLOOKUP(F41, Price_Master!$A$2:$C$201, 3, FALSE), 0) -> 0.15 | I41: =IFERROR(G41*H41, "") -> 1500
A42: 46090 | B42: Ma Aye Mya Saw | C42: 25 yrs | D42: F | E42: Self | F42: HBsAg | G42: =IFERROR(VLOOKUP(F42, Price_Master!$A$2:$C$201, 2, FALSE), "") -> 7000 | H42: =IFERROR(VLOOKUP(F42, Price_Master!$A$2:$C$201, 3, FALSE), 0) -> 0.05 | I42: =IFERROR(G42*H42, "") -> 350
A43: 46090 | E43: Self | F43: HCV | G43: =IFERROR(VLOOKUP(F43, Price_Master!$A$2:$C$201, 2, FALSE), "") -> 7000 | H43: =IFERROR(VLOOKUP(F43, Price_Master!$A$2:$C$201, 3, FALSE), 0) -> 0.05 | I43: =IFERROR(G43*H43, "") -> 350
A44: 46090 | E44: Self | F44: HIV | G44: =IFERROR(VLOOKUP(F44, Price_Master!$A$2:$C$201, 2, FALSE), "") -> 10000 | H44: =IFERROR(VLOOKUP(F44, Price_Master!$A$2:$C$201, 3, FALSE), 0) -> 0.05 | I44: =IFERROR(G44*H44, "") -> 500
A45: 46090 | E45: Self | F45: VDRL | G45: =IFERROR(VLOOKUP(F45, Price_Master!$A$2:$C$201, 2, FALSE), "") -> 7000 | H45: =IFERROR(VLOOKUP(F45, Price_Master!$A$2:$C$201, 3, FALSE), 0) -> 0.05 | I45: =IFERROR(G45*H45, "") -> 350
A46: 46091 | B46: Ma Saung Hnin Kha | C46: 17 yrs | D46: F | E46: Self | F46: G&M | G46: =IFERROR(VLOOKUP(F46, Price_Master!$A$2:$C$201, 2, FALSE), "") -> 7000 | H46: =IFERROR(VLOOKUP(F46, Price_Master!$A$2:$C$201, 3, FALSE), 0) -> 0.15 | I46: =IFERROR(G46*H46, "") -> 1050
A47: 46091 | B47: Mg Thu Rein Min Kha | C47: 14 yrs | D47: M | E47: Self | F47: G&M | G47: =IFERROR(VLOOKUP(F47, Price_Master!$A$2:$C$201, 2, FALSE), "") -> 7000 | H47: =IFERROR(VLOOKUP(F47, Price_Master!$A$2:$C$201, 3, FALSE), 0) -> 0.15 | I47: =IFERROR(G47*H47, "") -> 1050
A48: 46091 | B48: U Bran Aung | C48: 58 yrs | D48: M | E48: MCLH | F48: HbA1C | G48: =IFERROR(VLOOKUP(F48, Price_Master!$A$2:$C$201, 2, FALSE), "") -> 25000 | H48: =IFERROR(VLOOKUP(F48, Price_Master!$A$2:$C$201, 3, FALSE), 0) -> 0.05 | I48: =IFERROR(G48*H48, "") -> 1250
A49: 46091 | B49: Mg Paing Phyo Kyaw | C49: 5 7/12 yrs | D49: M | E49: NMMN | F49: CP(A) | G49: =IFERROR(VLOOKUP(F49, Price_Master!$A$2:$C$201, 2, FALSE), "") -> 30000 | H49: =IFERROR(VLOOKUP(F49, Price_Master!$A$2:$C$201, 3, FALSE), 0) -> 0.15 | I49: =IFERROR(G49*H49, "") -> 4500
A50: 46091 | B50: Ma Yu TheinGi Min | C50: 3 3/12 yrs | D50: F | E50: NMMN | F50: CP(A) | G50: =IFERROR(VLOOKUP(F50, Price_Master!$A$2:$C$201, 2, FALSE), "") -> 30000 | H50: =IFERROR(VLOOKUP(F50, Price_Master!$A$2:$C$201, 3, FALSE), 0) -> 0.15 | I50: =IFERROR(G50*H50, "") -> 4500
A51: 46091 | E51: NMMN | F51: MP (ICT) | G51: =IFERROR(VLOOKUP(F51, Price_Master!$A$2:$C$201, 2, FALSE), "") -> 10000 | H51: =IFERROR(VLOOKUP(F51, Price_Master!$A$2:$C$201, 3, FALSE), 0) -> 0.05 | I51: =IFERROR(G51*H51, "") -> 500
A52: 46091 | E52: NMMN | F52: Dengue Duo | G52: =IFERROR(VLOOKUP(F52, Price_Master!$A$2:$C$201, 2, FALSE), "") -> 25000 | H52: =IFERROR(VLOOKUP(F52, Price_Master!$A$2:$C$201, 3, FALSE), 0) -> 0.05 | I52: =IFERROR(G52*H52, "") -> 1250
A53: 46091 | E53: NMMN | F53: CRP | G53: =IFERROR(VLOOKUP(F53, Price_Master!$A$2:$C$201, 2, FALSE), "") -> 25000 | H53: =IFERROR(VLOOKUP(F53, Price_Master!$A$2:$C$201, 3, FALSE), 0) -> 0.05 | I53: =IFERROR(G53*H53, "") -> 1250
A54: 46091 | E54: NMMN | F54: E Lytes | G54: =IFERROR(VLOOKUP(F54, Price_Master!$A$2:$C$201, 2, FALSE), "") -> 30000 | H54: =IFERROR(VLOOKUP(F54, Price_Master!$A$2:$C$201, 3, FALSE), 0) -> 0.15 | I54: =IFERROR(G54*H54, "") -> 4500
A55: 46091 | B55: U Zaw Oo | C55: 42 yrs | D55: M | E55: Pyi Kyaw | F55: Lipid | G55: =IFERROR(VLOOKUP(F55, Price_Master!$A$2:$C$201, 2, FALSE), "") -> 36000 | H55: =IFERROR(VLOOKUP(F55, Price_Master!$A$2:$C$201, 3, FALSE), 0) -> 0.15 | I55: =IFERROR(G55*H55, "") -> 5400
A56: 46091 | E56: Pyi Kyaw | F56: LFT | G56: =IFERROR(VLOOKUP(F56, Price_Master!$A$2:$C$201, 2, FALSE), "") -> 36000 | H56: =IFERROR(VLOOKUP(F56, Price_Master!$A$2:$C$201, 3, FALSE), 0) -> 0.15 | I56: =IFERROR(G56*H56, "") -> 5400
A57: 46091 | E57: Pyi Kyaw | F57: HBsAg | G57: =IFERROR(VLOOKUP(F57, Price_Master!$A$2:$C$201, 2, FALSE), "") -> 7000 | H57: =IFERROR(VLOOKUP(F57, Price_Master!$A$2:$C$201, 3, FALSE), 0) -> 0.05 | I57: =IFERROR(G57*H57, "") -> 350
A58: 46091 | E58: Pyi Kyaw | F58: HCV | G58: =IFERROR(VLOOKUP(F58, Price_Master!$A$2:$C$201, 2, FALSE), "") -> 7000 | H58: =IFERROR(VLOOKUP(F58, Price_Master!$A$2:$C$201, 3, FALSE), 0) -> 0.05 | I58: =IFERROR(G58*H58, "") -> 350
A59: 46091 | E59: Pyi Kyaw | F59: HIV | G59: =IFERROR(VLOOKUP(F59, Price_Master!$A$2:$C$201, 2, FALSE), "") -> 10000 | H59: =IFERROR(VLOOKUP(F59, Price_Master!$A$2:$C$201, 3, FALSE), 0) -> 0.05 | I59: =IFERROR(G59*H59, "") -> 500
A60: 46091 | B60: Ma Yamin Oo | C60: 22 yrs | D60: F | E60: Phoe Khin | F60: CP(A) | G60: =IFERROR(VLOOKUP(F60, Price_Master!$A$2:$C$201, 2, FALSE), "") -> 30000 | H60: =IFERROR(VLOOKUP(F60, Price_Master!$A$2:$C$201, 3, FALSE), 0) -> 0.15 | I60: =IFERROR(G60*H60, "") -> 4500
A61: 46091 | B61: Ma Htet Myat Thwal | C61: 3/12 yrs | D61: F | E61: Grace | F61: CP(A) | G61: =IFERROR(VLOOKUP(F61, Price_Master!$A$2:$C$201, 2, FALSE), "") -> 30000 | H61: =IFERROR(VLOOKUP(F61, Price_Master!$A$2:$C$201, 3, FALSE), 0) -> 0.15 | I61: =IFERROR(G61*H61, "") -> 4500
A62: 46092 | B62: Daw Yee Win | C62: 54 yrs | D62: F | E62: Phy | F62: E Lytes | G62: =IFERROR(VLOOKUP(F62, Price_Master!$A$2:$C$201, 2, FALSE), "") -> 30000 | H62: =IFERROR(VLOOKUP(F62, Price_Master!$A$2:$C$201, 3, FALSE), 0) -> 0.15 | I62: =IFERROR(G62*H62, "") -> 4500
A63: 46092 | B63: Ma Hnin Eaint ThaDar | C63: 17 yrs | D63: F | E63: MCLH | F63: Urine Analysis | G63: =IFERROR(VLOOKUP(F63, Price_Master!$A$2:$C$201, 2, FALSE), "") -> 12000 | H63: =IFERROR(VLOOKUP(F63, Price_Master!$A$2:$C$201, 3, FALSE), 0) -> 0.05 | I63: =IFERROR(G63*H63, "") -> 600
A64: 46092 | B64: Mg Ye Ko Khant | C64: 1 7/12 yrs | D64: M | E64: NMMN | F64: CP(A) | G64: =IFERROR(VLOOKUP(F64, Price_Master!$A$2:$C$201, 2, FALSE), "") -> 30000 | H64: =IFERROR(VLOOKUP(F64, Price_Master!$A$2:$C$201, 3, FALSE), 0) -> 0.15 | I64: =IFERROR(G64*H64, "") -> 4500
A65: 46092 | E65: NMMN | F65: Ur | G65: =IFERROR(VLOOKUP(F65, Price_Master!$A$2:$C$201, 2, FALSE), "") -> 10000 | H65: =IFERROR(VLOOKUP(F65, Price_Master!$A$2:$C$201, 3, FALSE), 0) -> 0.15 | I65: =IFERROR(G65*H65, "") -> 1500
A66: 46092 | E66: NMMN | F66: Creat | G66: =IFERROR(VLOOKUP(F66, Price_Master!$A$2:$C$201, 2, FALSE), "") -> 10000 | H66: =IFERROR(VLOOKUP(F66, Price_Master!$A$2:$C$201, 3, FALSE), 0) -> 0.15 | I66: =IFERROR(G66*H66, "") -> 1500
A67: 46092 | E67: NMMN | F67: Dengue Duo | G67: =IFERROR(VLOOKUP(F67, Price_Master!$A$2:$C$201, 2, FALSE), "") -> 25000 | H67: =IFERROR(VLOOKUP(F67, Price_Master!$A$2:$C$201, 3, FALSE), 0) -> 0.05 | I67: =IFERROR(G67*H67, "") -> 1250
A68: 46092 | E68: NMMN | F68: E Lytes | G68: =IFERROR(VLOOKUP(F68, Price_Master!$A$2:$C$201, 2, FALSE), "") -> 30000 | H68: =IFERROR(VLOOKUP(F68, Price_Master!$A$2:$C$201, 3, FALSE), 0) -> 0.15 | I68: =IFERROR(G68*H68, "") -> 4500
A69: 46092 | B69: Ma Zin Mar Hnin | C69: 42 yrs | D69: F | E69: MCLH | F69: CP(A) | G69: =IFERROR(VLOOKUP(F69, Price_Master!$A$2:$C$201, 2, FALSE), "") -> 30000 | H69: =IFERROR(VLOOKUP(F69, Price_Master!$A$2:$C$201, 3, FALSE), 0) -> 0.15 | I69: =IFERROR(G69*H69, "") -> 4500
A70: 46092 | E70: Phy | F70: Creat | G70: =IFERROR(VLOOKUP(F70, Price_Master!$A$2:$C$201, 2, FALSE), "") -> 10000 | H70: =IFERROR(VLOOKUP(F70, Price_Master!$A$2:$C$201, 3, FALSE), 0) -> 0.15 | I70: =IFERROR(G70*H70, "") -> 1500
A71: 46092 | E71: Phy | F71: E Lytes | G71: =IFERROR(VLOOKUP(F71, Price_Master!$A$2:$C$201, 2, FALSE), "") -> 30000 | H71: =IFERROR(VLOOKUP(F71, Price_Master!$A$2:$C$201, 3, FALSE), 0) -> 0.15 | I71: =IFERROR(G71*H71, "") -> 4500
A72: 46093 | B72: Ma Juu Naw | C72: 2 2/12 yrs | D72: F | E72: NMMN | F72: E Lytes | G72: =IFERROR(VLOOKUP(F72, Price_Master!$A$2:$C$201, 2, FALSE), "") -> 30000 | H72: =IFERROR(VLOOKUP(F72, Price_Master!$A$2:$C$201, 3, FALSE), 0) -> 0.15 | I72: =IFERROR(G72*H72, "") -> 4500
A73: 46093 | B73: Mg Sut Ring Awng | C73: 9 yrs | D73: M | E73: NMMN | F73: CP(A) | G73: =IFERROR(VLOOKUP(F73, Price_Master!$A$2:$C$201, 2, FALSE), "") -> 30000 | H73: =IFERROR(VLOOKUP(F73, Price_Master!$A$2:$C$201, 3, FALSE), 0) -> 0.15 | I73: =IFERROR(G73*H73, "") -> 4500
A74: 46093 | E74: NMMN | F74: Ur | G74: =IFERROR(VLOOKUP(F74, Price_Master!$A$2:$C$201, 2, FALSE), "") -> 10000 | H74: =IFERROR(VLOOKUP(F74, Price_Master!$A$2:$C$201, 3, FALSE), 0) -> 0.15 | I74: =IFERROR(G74*H74, "") -> 1500
A75: 46093 | E75: NMMN | F75: Creat | G75: =IFERROR(VLOOKUP(F75, Price_Master!$A$2:$C$201, 2, FALSE), "") -> 10000 | H75: =IFERROR(VLOOKUP(F75, Price_Master!$A$2:$C$201, 3, FALSE), 0) -> 0.15 | I75: =IFERROR(G75*H75, "") -> 1500
A76: 46093 | E76: NMMN | F76: E Lytes | G76: =IFERROR(VLOOKUP(F76, Price_Master!$A$2:$C$201, 2, FALSE), "") -> 30000 | H76: =IFERROR(VLOOKUP(F76, Price_Master!$A$2:$C$201, 3, FALSE), 0) -> 0.15 | I76: =IFERROR(G76*H76, "") -> 4500
A77: 46093 | E77: NMMN | F77: T&DP | G77: =IFERROR(VLOOKUP(F77, Price_Master!$A$2:$C$201, 2, FALSE), "") -> 25000 | H77: =IFERROR(VLOOKUP(F77, Price_Master!$A$2:$C$201, 3, FALSE), 0) -> 0.15 | I77: =IFERROR(G77*H77, "") -> 3750
A78: 46093 | B78: Mg Min Myat Soe | C78: 6 10/12 yrs | D78: M | E78: NMMN | F78: CP(A) | G78: =IFERROR(VLOOKUP(F78, Price_Master!$A$2:$C$201, 2, FALSE), "") -> 30000 | H78: =IFERROR(VLOOKUP(F78, Price_Master!$A$2:$C$201, 3, FALSE), 0) -> 0.15 | I78: =IFERROR(G78*H78, "") -> 4500
A79: 46093 | E79: NMMN | F79: URE | G79: =IFERROR(VLOOKUP(F79, Price_Master!$A$2:$C$201, 2, FALSE), "") -> 12000 | H79: =IFERROR(VLOOKUP(F79, Price_Master!$A$2:$C$201, 3, FALSE), 0) -> 0.05 | I79: =IFERROR(G79*H79, "") -> 600
A80: 46093 | E80: NMMN | F80: MP (ICT) | G80: =IFERROR(VLOOKUP(F80, Price_Master!$A$2:$C$201, 2, FALSE), "") -> 10000 | H80: =IFERROR(VLOOKUP(F80, Price_Master!$A$2:$C$201, 3, FALSE), 0) -> 0.05 | I80: =IFERROR(G80*H80, "") -> 500
A81: 46093 | E81: NMMN | F81: Dengue Duo | G81: =IFERROR(VLOOKUP(F81, Price_Master!$A$2:$C$201, 2, FALSE), "") -> 25000 | H81: =IFERROR(VLOOKUP(F81, Price_Master!$A$2:$C$201, 3, FALSE), 0) -> 0.05 | I81: =IFERROR(G81*H81, "") -> 1250
A82: 46094 | B82: Daw Hla Yin | C82: 54 yrs | D82: F | E82: Phy | F82: LFT | G82: =IFERROR(VLOOKUP(F82, Price_Master!$A$2:$C$201, 2, FALSE), "") -> 36000 | H82: =IFERROR(VLOOKUP(F82, Price_Master!$A$2:$C$201, 3, FALSE), 0) -> 0.15 | I82: =IFERROR(G82*H82, "") -> 5400
A83: 46095 | B83: U Bo Thaung | C83: 56 yrs | D83: M | E83: Phy | F83: HbA1C | G83: =IFERROR(VLOOKUP(F83, Price_Master!$A$2:$C$201, 2, FALSE), "") -> 25000 | H83: =IFERROR(VLOOKUP(F83, Price_Master!$A$2:$C$201, 3, FALSE), 0) -> 0.05 | I83: =IFERROR(G83*H83, "") -> 1250
A84: 46095 | E84: Phy | F84: Creat | G84: =IFERROR(VLOOKUP(F84, Price_Master!$A$2:$C$201, 2, FALSE), "") -> 10000 | H84: =IFERROR(VLOOKUP(F84, Price_Master!$A$2:$C$201, 3, FALSE), 0) -> 0.15 | I84: =IFERROR(G84*H84, "") -> 1500
A85: 46095 | B85: U Moe Nyunt | C85: 50 yrs | D85: M | E85: ANM | F85: HbA1C | G85: =IFERROR(VLOOKUP(F85, Price_Master!$A$2:$C$201, 2, FALSE), "") -> 25000 | H85: =IFERROR(VLOOKUP(F85, Price_Master!$A$2:$C$201, 3, FALSE), 0) -> 0.05 | I85: =IFERROR(G85*H85, "") -> 1250
A86: 46095 | E86: ANM | F86: Creat | G86: =IFERROR(VLOOKUP(F86, Price_Master!$A$2:$C$201, 2, FALSE), "") -> 10000 | H86: =IFERROR(VLOOKUP(F86, Price_Master!$A$2:$C$201, 3, FALSE), 0) -> 0.15 | I86: =IFERROR(G86*H86, "") -> 1500
A87: 46095 | E87: ANM | F87: Lipid | G87: =IFERROR(VLOOKUP(F87, Price_Master!$A$2:$C$201, 2, FALSE), "") -> 36000 | H87: =IFERROR(VLOOKUP(F87, Price_Master!$A$2:$C$201, 3, FALSE), 0) -> 0.15 | I87: =IFERROR(G87*H87, "") -> 5400
A88: 46096 | B88: Mg Sut Sue Aung | C88: 3 5/12 yrs | D88: M | E88: NMMN | F88: CP(A) | G88: =IFERROR(VLOOKUP(F88, Price_Master!$A$2:$C$201, 2, FALSE), "") -> 30000 | H88: =IFERROR(VLOOKUP(F88, Price_Master!$A$2:$C$201, 3, FALSE), 0) -> 0.15 | I88: =IFERROR(G88*H88, "") -> 4500
A89: 46096 | E89: NMMN | F89: CRP | G89: =IFERROR(VLOOKUP(F89, Price_Master!$A$2:$C$201, 2, FALSE), "") -> 25000 | H89: =IFERROR(VLOOKUP(F89, Price_Master!$A$2:$C$201, 3, FALSE), 0) -> 0.05 | I89: =IFERROR(G89*H89, "") -> 1250
A90: 46096 | E90: NMMN | F90: MP (ICT) | G90: =IFERROR(VLOOKUP(F90, Price_Master!$A$2:$C$201, 2, FALSE), "") -> 10000 | H90: =IFERROR(VLOOKUP(F90, Price_Master!$A$2:$C$201, 3, FALSE), 0) -> 0.05 | I90: =IFERROR(G90*H90, "") -> 500
A91: 46096 | E91: NMMN | F91: Dengue Duo | G91: =IFERROR(VLOOKUP(F91, Price_Master!$A$2:$C$201, 2, FALSE), "") -> 25000 | H91: =IFERROR(VLOOKUP(F91, Price_Master!$A$2:$C$201, 3, FALSE), 0) -> 0.05 | I91: =IFERROR(G91*H91, "") -> 1250
A92: 46096 | B92: Mg Nay Thu Rein | C92: 1 5/12 yrs | D92: M | E92: NMMN | F92: MP (ICT) | G92: =IFERROR(VLOOKUP(F92, Price_Master!$A$2:$C$201, 2, FALSE), "") -> 10000 | H92: =IFERROR(VLOOKUP(F92, Price_Master!$A$2:$C$201, 3, FALSE), 0) -> 0.05 | I92: =IFERROR(G92*H92, "") -> 500
A93: 46096 | B93: Ma Nyo Nyo Khaing | C93: 37 yrs | D93: F | E93: NMMN | F93: CP(A) | G93: =IFERROR(VLOOKUP(F93, Price_Master!$A$2:$C$201, 2, FALSE), "") -> 30000 | H93: =IFERROR(VLOOKUP(F93, Price_Master!$A$2:$C$201, 3, FALSE), 0) -> 0.15 | I93: =IFERROR(G93*H93, "") -> 4500
A94: 46096 | E94: NMMN | F94: MP (ICT) | G94: =IFERROR(VLOOKUP(F94, Price_Master!$A$2:$C$201, 2, FALSE), "") -> 10000 | H94: =IFERROR(VLOOKUP(F94, Price_Master!$A$2:$C$201, 3, FALSE), 0) -> 0.05 | I94: =IFERROR(G94*H94, "") -> 500
A95: 46096 | B95: Mg Nay Linn Htet | C95: 6 yrs | D95: M | E95: NMMN | F95: CP(A) | G95: =IFERROR(VLOOKUP(F95, Price_Master!$A$2:$C$201, 2, FALSE), "") -> 30000 | H95: =IFERROR(VLOOKUP(F95, Price_Master!$A$2:$C$201, 3, FALSE), 0) -> 0.15 | I95: =IFERROR(G95*H95, "") -> 4500
A96: 46096 | E96: NMMN | F96: URE | G96: =IFERROR(VLOOKUP(F96, Price_Master!$A$2:$C$201, 2, FALSE), "") -> 12000 | H96: =IFERROR(VLOOKUP(F96, Price_Master!$A$2:$C$201, 3, FALSE), 0) -> 0.05 | I96: =IFERROR(G96*H96, "") -> 600
A97: 46096 | E97: NMMN | F97: ASO (Quanti) | G97: =IFERROR(VLOOKUP(F97, Price_Master!$A$2:$C$201, 2, FALSE), "") -> 30000 | H97: =IFERROR(VLOOKUP(F97, Price_Master!$A$2:$C$201, 3, FALSE), 0) -> 0.05 | I97: =IFERROR(G97*H97, "") -> 1500
A98: 46096 | E98: NMMN | F98: CRP | G98: =IFERROR(VLOOKUP(F98, Price_Master!$A$2:$C$201, 2, FALSE), "") -> 25000 | H98: =IFERROR(VLOOKUP(F98, Price_Master!$A$2:$C$201, 3, FALSE), 0) -> 0.05 | I98: =IFERROR(G98*H98, "") -> 1250
A99: 46096 | E99: NMMN | F99: Creat | G99: =IFERROR(VLOOKUP(F99, Price_Master!$A$2:$C$201, 2, FALSE), "") -> 10000 | H99: =IFERROR(VLOOKUP(F99, Price_Master!$A$2:$C$201, 3, FALSE), 0) -> 0.15 | I99: =IFERROR(G99*H99, "") -> 1500
A100: 46096 | E100: NMMN | F100: E Lytes | G100: =IFERROR(VLOOKUP(F100, Price_Master!$A$2:$C$201, 2, FALSE), "") -> 30000 | H100: =IFERROR(VLOOKUP(F100, Price_Master!$A$2:$C$201, 3, FALSE), 0) -> 0.15 | I100: =IFERROR(G100*H100, "") -> 4500
...

Sheet Test_Count
A3: Test Name | B3: Test Count
A4: CP(A) | B4: 28
A5: Creat | B5: 17
A6: E Lytes | B6: 12
A7: URE | B7: 11
A8: HCV | B8: 10
A9: MP (ICT) | B9: 10
A10: HBsAg | B10: 10
A11: LFT | B11: 10
A12: CRP | B12: 9
A13: HIV | B13: 8
A14: VDRL | B14: 7
A15: Lipid | B15: 7
... A37: Grand Total | B37: 195

Sheet ReferBy-Table
A1: Test Name | B1: (All)
A3: Refer Names | B3: Total Refer Fee Amount
A4: Phy | B4: 167000
A5: NMMN | B5: 111750
A6: MCLH | B6: 46300
A7: Self | B7: 21700
A8: Pyi Kyaw | B8: 14750
A9: BBH | B9: 9050
A10: ANM | B10: 8750
A11: AMH | B11: 7300
A12: Phoe Khin | B12: 4500
A13: Grace | B13: 4500
A14: ဂရုဏာဆေးခန်း | B14: 2600
A15: OG | B15: 600
A16: Grand Total | B16: 398800

Sheet Price_Master
A1: Test | B1: Price | C1: Fee %
A2: CP(A) | B2: 30000 | C2: 0.15
A3: G&M Rh | B3: 10000 | C3: 0.15
A4: ESR | B4: 10000 | C4: 0.15
A5: G&M | B5: 7000 | C5: 0.15
A6: E lytes | B6: 30000 | C6: 0.15
A7: Ur | B7: 10000 | C7: 0.15
A8: Creat | B8: 10000 | C8: 0.15
A9: U/A | B9: 10000 | C9: 0.15
A10: Amy | B10: 10000 | C10: 0.15
A11: Lipid | B11: 36000 | C11: 0.15
A12: TC | B12: 10000 | C12: 0.15
A13: TG | B13: 10000 | C13: 0.15
... A69: Trop-T | B69: 40000 | C69: 0
